"date_added","is_primary","username","public_key"
"2019-02-27T16:30:58.687Z",false,"Devyn21","6759-2254-0325-5232"
"2019-02-20T13:08:31.034Z",false,"Hattie_Hoeger","6531-6283-0631-7914-8772"
"2019-02-22T08:48:50.089Z",false,"Verner_Thompson","4443557314289"
"2019-02-23T14:32:59.324Z",false,"Amina.Prohaska","3641-148185-9867"
"2019-02-28T10:56:31.117Z",false,"Noel_Towne19","6394-8565-6087-6961"
"2019-02-28T16:18:41.724Z",false,"Jaylon_Kulas","3528-4366-8063-8078"
"2019-02-22T09:57:42.161Z",false,"Ubaldo.Legros","6377-5469-7856-2581"
"2019-02-20T08:01:44.525Z",false,"Gwendolyn.Hilll99","5893-8030-6929-8424"
"2019-02-26T21:34:39.409Z",false,"Ava72","3530-6786-5176-4963"
"2019-02-28T16:29:38.458Z",false,"Ansel_Beer","6759-7387-8235-9174-445"
"2019-02-23T14:07:34.391Z",false,"Pansy_Maggio","5474-4470-7630-9375"
"2019-02-24T09:36:36.948Z",false,"Oma.Kub67","6709424699645023"
"2019-02-27T15:50:32.619Z",false,"Koby.Pfeffer70","6381-7523-4339-5717"
"2019-02-28T02:45:25.912Z",false,"Llewellyn_Lockman","6767-0627-7593-6043-80"
"2019-03-02T04:18:51.828Z",false,"Cielo_Predovic99","6376-3762-3203-3444"
"2019-02-28T07:25:49.848Z",false,"Carolanne9","4987471090726"
"2019-02-27T09:14:08.527Z",false,"Jacey_McLaughlin","5236-8439-4521-8196"
"2019-02-26T22:08:57.753Z",false,"Nels_Stokes64","4202600473631"
"2019-03-02T05:17:08.516Z",false,"Justus55","58933775375113882674"
"2019-02-22T10:33:09.627Z",false,"Katarina_Predovic","6759-9851-0805-9548-14"
"2019-03-01T08:57:25.304Z",false,"Florencio.Shanahan83","6767-6458-9687-2077-476"
"2019-02-27T11:59:23.533Z",false,"Antonette90","6767-4256-0294-9328"
"2019-02-25T07:27:55.393Z",false,"Dejuan32","6389-1055-7631-2798"
"2019-02-26T12:33:26.764Z",false,"Alverta.Barton","6759-4568-4786-6030-90"
"2019-02-25T00:26:19.275Z",false,"Johann11","3747-719222-64062"
"2019-02-24T03:17:51.904Z",false,"Chase.Marks","6529-6271-8656-7848-8681"
"2019-02-21T17:28:36.927Z",false,"Derick_Waters","4707-1777-4906-2164"
"2019-02-23T10:13:58.992Z",false,"Demond_Purdy54","6767-6908-0060-3787-975"
"2019-03-01T22:56:45.373Z",false,"Westley_Murray83","5181-9844-7126-1021"
"2019-03-01T08:49:02.715Z",false,"Augustus_Cremin","4562635784700"
"2019-02-28T01:00:21.334Z",false,"Francesca23","6767-3533-3235-2700"
"2019-02-21T05:40:41.716Z",false,"Guy_Daniel17","6767-5558-3397-8942-44"
"2019-02-24T12:34:57.791Z",false,"Nellie_Franecki","6767-4198-1747-6867-876"
"2019-02-23T23:15:37.980Z",false,"America.Fisher91","6767-6082-8628-6516-898"
"2019-03-01T23:45:46.359Z",false,"Jayde.Kozey","3528-2056-5520-5043"
"2019-02-22T19:57:31.102Z",false,"Brionna54","6767-6237-0838-3526-778"
"2019-02-25T14:07:46.612Z",false,"Shakira.McDermott62","502086565833052115"
"2019-02-27T18:48:55.648Z",false,"Perry_Lueilwitz","3529-3356-4071-0737"
"2019-02-25T21:07:03.455Z",false,"Gust87","4616-3892-8691-1331"
"2019-02-27T15:27:22.030Z",false,"August_Kiehn","6767-2206-5314-7336"
"2019-03-02T05:33:06.699Z",false,"Jasper8","3468-663671-49708"
"2019-03-01T20:47:23.505Z",false,"Bruce.Murphy36","6496-6234-3002-2689-5610"
"2019-02-24T16:39:21.201Z",false,"Josiah_Walsh","3529-3885-1722-5133"
"2019-02-20T09:51:20.657Z",false,"Lura49","3528-0224-1252-0517"
"2019-02-24T05:00:50.361Z",false,"Evelyn.Runte87","6304722480690054387"
"2019-02-26T20:46:10.897Z",false,"Rosario.Kris44","5038-5759-2296-5462"
"2019-02-25T23:26:53.958Z",false,"Dovie.Swift","6392-5821-9317-5395"
"2019-02-27T14:29:35.567Z",false,"Flo_Bins26","3739-363949-18050"
"2019-02-21T21:44:14.362Z",false,"Camilla49","5018315600425183043"
"2019-02-28T09:57:26.077Z",false,"Sidney_Kozey81","3457-832801-97354"
"2019-02-21T21:30:08.688Z",false,"Novella_Reynolds6","6468-6280-7452-1695-4990"
"2019-02-26T08:52:17.052Z",false,"Penelope_Stokes","6759-9693-3227-8559-720"
"2019-02-27T09:41:42.756Z",false,"Abbie.Dare","6563-6097-9721-5637"
"2019-02-26T19:23:11.658Z",false,"Forrest.Gulgowski","5200-5968-7859-9537"
"2019-02-23T12:14:27.014Z",false,"Andre32","6767-8900-6630-6978"
"2019-02-21T13:15:30.244Z",false,"Hilda_Kassulke10","4657-2014-8715-1738"
"2019-02-25T07:25:21.822Z",false,"Mitchel79","6386-3923-7518-4985"
"2019-02-20T16:40:14.485Z",false,"Madisen_Kohler55","4739-2257-5878-7645"
"2019-02-28T02:21:26.682Z",false,"Jamarcus.Runolfsson","5020-0565-2305-8146"
"2019-02-28T13:47:23.497Z",false,"Rosanna.Russel","670695801373239145"
"2019-02-26T12:36:27.627Z",false,"Mike.Haley12","3008-580768-1243"
"2019-02-22T19:33:33.268Z",false,"Jettie88","6011-6296-2950-0162-5348"
"2019-02-27T01:00:58.200Z",false,"Joyce_Volkman84","3685-116273-7967"
"2019-02-24T14:38:11.903Z",false,"Mae38","6767-2809-9656-2488"
"2019-02-28T04:17:14.057Z",false,"Daphne.Pagac43","6759-2880-3530-4651"
"2019-02-25T20:14:24.085Z",false,"Ansley.Jacobi13","6464-2336-8436-1972"
"2019-03-01T08:42:18.411Z",false,"Gracie_Ratke","3472-965311-42448"
"2019-03-02T03:43:58.659Z",false,"Gideon78","6376-2529-1506-9506"
"2019-02-24T12:41:19.806Z",false,"Marquis_Wunsch42","5222-6808-4872-0381"
"2019-02-24T10:57:29.557Z",false,"Dax_Pacocha84","5018-6826-3412-2669"
"2019-03-01T15:06:32.818Z",false,"Tobin.Feil39","4960-5021-2841-3205"
"2019-02-25T21:17:57.096Z",false,"Earlene.Howe","6759-8703-5753-7081"
"2019-02-22T01:58:45.028Z",false,"Wilfredo_Streich14","4557-2797-4599-7865"
"2019-02-22T15:55:43.206Z",false,"Lorine_Buckridge36","3584-0283-0232-5548"
"2019-02-28T21:28:21.409Z",false,"Nola.Friesen","5447-1517-3189-7220"
"2019-02-20T10:29:56.838Z",false,"Alexis_Kilback","5371-0351-4336-6900"
"2019-02-23T15:23:04.620Z",false,"Kianna.Macejkovic","6443-0379-2350-4518"
"2019-03-01T10:39:00.578Z",false,"Calista_Kerluke20","6767-1924-7937-1681"
"2019-02-25T17:06:08.065Z",false,"Wilburn_Marvin","5020-5733-5763-3418"
"2019-02-24T00:03:40.545Z",false,"Jameson_Gislason","6767-3681-4334-7234"
"2019-02-20T11:25:51.333Z",false,"Helene.Bailey32","6388-9619-7517-4838"
"2019-02-22T06:50:29.005Z",false,"Jayce_Dietrich","3528-7593-8946-8596"
"2019-02-23T16:19:40.619Z",false,"Ryley_Pacocha","6011-2873-9072-8643"
"2019-02-27T16:20:39.339Z",false,"Chester.Volkman","6759-4986-5176-8149"
"2019-02-28T15:55:15.237Z",false,"Mckenna.Hyatt93","6767-8459-3191-8144"
"2019-02-23T23:16:05.895Z",false,"Watson.Hodkiewicz59","4561-0854-0065-3790"
"2019-03-01T06:54:56.154Z",false,"Molly56","6706583564213481276"
"2019-02-22T05:23:14.591Z",false,"Gwendolyn51","5168-4934-9115-3181"
"2019-02-27T06:01:16.344Z",false,"Jermaine_Kreiger44","6771-8970-2081-2484"
"2019-02-28T05:30:55.244Z",false,"Heloise38","3733-838375-28317"
"2019-02-25T19:26:00.565Z",false,"Daron97","6767-7175-1450-5001-481"
"2019-02-22T19:17:59.519Z",false,"Cooper_Towne38","5018-4596-7230-8629"
"2019-02-22T11:08:04.188Z",false,"Dena_Thiel","3792-414135-81502"
"2019-02-24T12:45:15.096Z",false,"Mae_Mayert82","5196-6486-3317-0435"
"2019-02-22T09:31:47.932Z",false,"Claudine.Upton","6771-8972-8225-4359"
"2019-02-22T15:35:27.351Z",false,"Cooper74","6771440385849881821"
"2019-02-20T19:22:14.155Z",false,"Emely.Gottlieb","6771-8929-5498-3243"
"2019-02-22T13:15:28.519Z",false,"Dexter.Nikolaus","5493-3377-8704-9688"
"2019-02-23T13:33:55.611Z",false,"Ashtyn.Ullrich","6759-7322-0832-3994"
"2019-02-20T08:21:18.149Z",false,"Cooper.Turner","6304175598361786811"